{"num_figs": 8, "circuits": ["Bnd", "DA", "dPos", "Pop", "Ftg"], "t": 2000, "position": [0.516, 0.283], "velocity": [0.049, 0.049], "trg_pos": [0.8399999737739563, 0.7919999957084656], "trg_velocity": [0.038, 0.059], "Trg_thr": 0.5}