{"num_figs": 8, "circuits": ["Bnd", "DA", "dPos", "Pop", "Ftg"], "t": 10000, "position": [0.865, 0.789], "velocity": [0.015, 0.0], "trg_pos": [0.7480000257492065, 0.7919999957084656], "trg_velocity": [0.015, 0.002], "Trg_thr": 0.5}