{
    "collisions": [
        81,
        77
    ],
    "rewards": [
        13.0,
        6.0
    ],
    "da_centers": [
        [
            [
                300.0012512207031,
                -299.99853515625
            ],
            [
                259.6667785644531,
                -295.6523132324219
            ],
            [
                314.7754211425781,
                -298.5318603515625
            ],
            [
                333.0026550292969,
                -288.10308837890625
            ],
            [
                299.88037109375,
                -261.7520446777344
            ]
        ],
        [
            [
                300.0012512207031,
                -299.99853515625
            ],
            [
                313.1040954589844,
                -252.63815307617188
            ],
            [
                265.53765869140625,
                -265.7152099609375
            ]
        ]
    ],
    "bnd_centers": [
        [
            [
                -75.4690170288086,
                -282.814208984375
            ],
            [
                -81.88192749023438,
                -51.7089729309082
            ],
            [
                18.164485931396484,
                -64.06005096435547
            ],
            [
                -82.77174377441406,
                -142.7458953857422
            ],
            [
                25.270795822143555,
                -258.9466857910156
            ],
            [
                81.62891387939453,
                -242.83444213867188
            ],
            [
                -77.16114807128906,
                -395.2793273925781
            ],
            [
                395.2049865722656,
                -40.921356201171875
            ],
            [
                334.6006774902344,
                70.05530548095703
            ],
            [
                327.9950256347656,
                79.09233093261719
            ],
            [
                223.34072875976562,
                70.58364868164062
            ],
            [
                202.4097137451172,
                68.88191223144531
            ],
            [
                201.23268127441406,
                79.73814392089844
            ],
            [
                392.0621643066406,
                -106.90924072265625
            ],
            [
                112.02789306640625,
                71.35468292236328
            ],
            [
                101.0931625366211,
                72.79305267333984
            ],
            [
                84.73749542236328,
                59.621360778808594
            ],
            [
                81.29855346679688,
                79.40540313720703
            ],
            [
                83.66999053955078,
                33.916481018066406
            ],
            [
                92.63963317871094,
                -40.57600402832031
            ],
            [
                27.74310302734375,
                -28.382484436035156
            ]
        ],
        [
            [
                77.84939575195312,
                -389.999755859375
            ],
            [
                -79.1888427734375,
                -283.0180358886719
            ],
            [
                25.761653900146484,
                -239.80517578125
            ],
            [
                30.23287582397461,
                -229.35122680664062
            ],
            [
                26.60280990600586,
                -187.5084228515625
            ],
            [
                24.787776947021484,
                -166.58702087402344
            ],
            [
                22.97274398803711,
                -145.66561889648438
            ],
            [
                19.34267807006836,
                -103.82281494140625
            ],
            [
                30.23154640197754,
                -102.41094207763672
            ],
            [
                -83.38142395019531,
                -185.34413146972656
            ],
            [
                -76.37767028808594,
                -149.47393798828125
            ],
            [
                29.73520851135254,
                -30.360549926757812
            ],
            [
                -82.50733947753906,
                -25.209087371826172
            ],
            [
                21.747522354125977,
                29.625078201293945
            ],
            [
                -74.50485229492188,
                31.00057601928711
            ],
            [
                -84.83710479736328,
                25.133827209472656
            ],
            [
                -80.72320556640625,
                14.908838272094727
            ],
            [
                -70.92321014404297,
                -92.74937438964844
            ],
            [
                66.06060791015625,
                -390.7590026855469
            ],
            [
                85.98165130615234,
                -395.7139892578125
            ],
            [
                35.61069869995117,
                -382.59661865234375
            ],
            [
                -82.39556884765625,
                -245.54385375976562
            ],
            [
                -84.98141479492188,
                -89.04570770263672
            ],
            [
                -75.38743591308594,
                -103.99148559570312
            ],
            [
                -76.62205505371094,
                -134.78494262695312
            ],
            [
                30.838525772094727,
                -156.16802978515625
            ],
            [
                127.1162338256836,
                -391.44610595703125
            ],
            [
                292.367431640625,
                -393.9722595214844
            ],
            [
                395.826904296875,
                -308.40484619140625
            ]
        ]
    ],
    "info": "remap"
}