{
    "collisions": [
        57,
        555,
        309,
        415,
        244,
        90,
        215,
        193,
        136,
        181,
        58,
        389,
        167,
        272,
        205,
        63,
        309,
        96,
        342,
        170,
        33,
        442,
        224,
        193,
        412
    ],
    "rewards": [
        145.0,
        0.0,
        1.0,
        2.0,
        34.0,
        131.0,
        38.0,
        21.0,
        46.0,
        26.0,
        156.0,
        4.0,
        26.0,
        11.0,
        21.0,
        160.0,
        21.0,
        29.0,
        5.0,
        35.0,
        173.0,
        5.0,
        14.0,
        34.0,
        0.0
    ],
    "len_no_g": [
        290,
        314,
        392,
        370,
        262,
        357,
        292,
        330,
        281,
        294,
        308,
        304,
        341,
        324,
        305,
        282,
        346,
        316,
        351,
        277,
        261,
        336,
        365,
        288,
        328
    ],
    "mean_no_g": [
        140.0,
        140.0,
        140.0,
        140.0,
        140.0,
        140.0,
        140.0,
        140.0,
        140.0,
        140.0,
        140.0,
        140.0,
        140.0,
        140.0,
        140.0,
        140.0,
        140.0,
        140.0,
        140.0,
        140.0,
        140.0,
        140.0,
        140.0,
        140.0,
        140.0
    ],
    "len_da_g": [
        13,
        0,
        0,
        2,
        4,
        11,
        5,
        2,
        4,
        4,
        8,
        3,
        5,
        2,
        5,
        11,
        3,
        3,
        3,
        4,
        12,
        3,
        3,
        1,
        0
    ],
    "mean_da_g": [
        204.61538696289062,
        NaN,
        NaN,
        157.5,
        174.7464141845703,
        205.86968994140625,
        194.3928985595703,
        209.52899169921875,
        202.428466796875,
        208.8281707763672,
        201.25,
        198.3333282470703,
        170.6011505126953,
        192.4999237060547,
        203.37416076660156,
        190.90908813476562,
        208.6213836669922,
        209.2585906982422,
        175.00010681152344,
        209.74058532714844,
        198.02618408203125,
        198.3333282470703,
        209.90711975097656,
        210.0,
        NaN
    ],
    "len_bnd_g": [
        26,
        119,
        99,
        123,
        46,
        36,
        75,
        65,
        44,
        69,
        18,
        90,
        44,
        78,
        60,
        14,
        87,
        34,
        89,
        45,
        15,
        115,
        85,
        56,
        105
    ],
    "mean_bnd_g": [
        709.897216796875,
        713.4898071289062,
        719.752685546875,
        725.35009765625,
        732.2468872070312,
        723.9696655273438,
        726.4337158203125,
        725.976318359375,
        712.36376953125,
        715.7505493164062,
        708.1781005859375,
        730.037841796875,
        710.5673217773438,
        718.6405639648438,
        741.0458374023438,
        742.0,
        727.5354614257812,
        694.5570068359375,
        721.1671142578125,
        741.4879150390625,
        741.7973022460938,
        715.8270263671875,
        725.24365234375,
        719.8988037109375,
        712.42333984375
    ]
}