{
    "collisions": [
        86,
        232,
        368,
        209,
        60,
        566,
        371,
        215
    ],
    "rewards": [
        197.0,
        32.0,
        1.0,
        59.0,
        208.0,
        9.0,
        15.0,
        38.0
    ],
    "len_no_g": [
        328,
        275,
        377,
        290,
        318,
        357,
        394,
        327
    ],
    "mean_no_g": [
        140.0,
        140.0,
        140.0,
        140.0,
        140.0,
        140.0,
        140.0,
        140.0
    ],
    "len_da_g": [
        10,
        4,
        0,
        3,
        12,
        2,
        9,
        4
    ],
    "mean_da_g": [
        193.2194366455078,
        203.94091796875,
        NaN,
        206.7570037841797,
        201.7878875732422,
        208.29449462890625,
        194.28538513183594,
        191.94139099121094
    ],
    "len_bnd_g": [
        39,
        68,
        110,
        57,
        31,
        138,
        100,
        73
    ],
    "mean_bnd_g": [
        710.7709350585938,
        708.8352661132812,
        722.8392944335938,
        710.3027954101562,
        722.3619995117188,
        719.6248779296875,
        727.8184204101562,
        719.579345703125
    ]
}