{
    "collisions": [
        110,
        183,
        674,
        411,
        817,
        173,
        207,
        586,
        740,
        782,
        156,
        228,
        513,
        745,
        718,
        258,
        410,
        501,
        692,
        785
    ],
    "rewards": [
        29.0,
        29.0,
        10.0,
        21.0,
        4.0,
        28.0,
        28.0,
        3.0,
        7.0,
        5.0,
        33.0,
        31.0,
        6.0,
        7.0,
        7.0,
        9.0,
        3.0,
        9.0,
        3.0,
        7.0
    ],
    "len_no_g": [
        349,
        358,
        370,
        340,
        392,
        393,
        344,
        385,
        370,
        331,
        390,
        308,
        429,
        350,
        347,
        457,
        390,
        399,
        396,
        339
    ],
    "mean_no_g": [
        102.0,
        102.0,
        102.0,
        102.0,
        102.0,
        102.0,
        102.0,
        102.0,
        102.0,
        102.0,
        102.0,
        102.0,
        102.0,
        102.0,
        102.0,
        102.0,
        102.0,
        102.0,
        102.0,
        102.0
    ],
    "len_da_g": [
        3,
        4,
        4,
        2,
        4,
        6,
        8,
        2,
        4,
        2,
        7,
        5,
        3,
        2,
        2,
        4,
        2,
        4,
        2,
        3
    ],
    "mean_da_g": [
        242.6184539794922,
        213.56149291992188,
        133.6893768310547,
        144.25257873535156,
        123.12628936767578,
        246.5133056640625,
        245.35379028320312,
        144.25257873535156,
        144.25253295898438,
        144.25257873535156,
        283.4660949707031,
        302.0096435546875,
        144.2527313232422,
        144.25257873535156,
        144.25257873535156,
        133.68927001953125,
        144.25257873535156,
        210.67428588867188,
        144.25257873535156,
        144.25257873535156
    ],
    "len_bnd_g": [
        22,
        26,
        58,
        53,
        96,
        22,
        31,
        73,
        102,
        109,
        29,
        21,
        82,
        82,
        114,
        42,
        56,
        71,
        105,
        85
    ],
    "mean_bnd_g": [
        209.93310546875,
        223.00259399414062,
        255.13404846191406,
        231.84259033203125,
        261.6385192871094,
        216.25238037109375,
        216.5167236328125,
        242.1303253173828,
        251.61276245117188,
        250.106201171875,
        204.96958923339844,
        246.63404846191406,
        252.14007568359375,
        240.63795471191406,
        265.6363220214844,
        232.96151733398438,
        255.92762756347656,
        246.69500732421875,
        245.0511016845703,
        255.1675567626953
    ]
}