{
    "collisions": [
        20,
        25
    ],
    "rewards": [
        15.0,
        18.0
    ],
    "da_centers": [
        [
            [
                300.0012512207031,
                -299.99853515625
            ],
            [
                324.3029479980469,
                -297.08197021484375
            ],
            [
                299.9188232421875,
                -259.34588623046875
            ],
            [
                264.113037109375,
                -264.27789306640625
            ]
        ],
        [
            [
                300.0012512207031,
                -299.99853515625
            ],
            [
                267.5867004394531,
                -267.7337341308594
            ]
        ]
    ],
    "bnd_centers": [
        [
            [
                -79.64971923828125,
                -384.43756103515625
            ],
            [
                395.6296691894531,
                -342.0346984863281
            ],
            [
                388.6198425292969,
                -300.365478515625
            ],
            [
                29.734664916992188,
                -30.363603591918945
            ],
            [
                18.894603729248047,
                -153.15744018554688
            ],
            [
                392.72882080078125,
                79.90615844726562
            ],
            [
                89.75807189941406,
                -162.85614013671875
            ],
            [
                52.95903396606445,
                -388.1238708496094
            ]
        ],
        [
            [
                393.2894592285156,
                -73.14142608642578
            ],
            [
                389.9949035644531,
                -357.4250183105469
            ],
            [
                29.73545265197754,
                -30.36097526550293
            ],
            [
                18.268095016479492,
                -50.18610763549805
            ],
            [
                -84.97560119628906,
                -122.8394775390625
            ]
        ]
    ],
    "info": "remap"
}