{
    "collisions": [
        79,
        374,
        119,
        150,
        355,
        58,
        278,
        116,
        273,
        303,
        96,
        287,
        143,
        241,
        426,
        117,
        460,
        219,
        348,
        236
    ],
    "rewards": [
        151.0,
        24.0,
        24.0,
        35.0,
        12.0,
        150.0,
        21.0,
        33.0,
        12.0,
        21.0,
        140.0,
        26.0,
        26.0,
        32.0,
        17.0,
        134.0,
        2.0,
        19.0,
        11.0,
        36.0
    ],
    "len_no_g": [
        311,
        341,
        322,
        278,
        364,
        293,
        317,
        251,
        335,
        329,
        339,
        329,
        294,
        339,
        334,
        323,
        317,
        364,
        381,
        320
    ],
    "mean_no_g": [
        140.0,
        140.0,
        140.0,
        140.0,
        140.0,
        140.0,
        140.0,
        140.0,
        140.0,
        140.0,
        140.0,
        140.0,
        140.0,
        140.0,
        140.0,
        140.0,
        140.0,
        140.0,
        140.0,
        140.0
    ],
    "len_da_g": [
        10,
        4,
        5,
        4,
        4,
        12,
        5,
        5,
        3,
        2,
        8,
        3,
        5,
        4,
        4,
        10,
        2,
        4,
        6,
        5
    ],
    "mean_da_g": [
        210.0,
        207.73373413085938,
        209.8160858154297,
        205.09335327148438,
        203.09373474121094,
        204.104248046875,
        208.74755859375,
        182.0,
        200.94573974609375,
        209.4095458984375,
        196.1258087158203,
        209.3026580810547,
        195.39532470703125,
        200.17796325683594,
        198.31887817382812,
        210.0,
        192.5,
        208.26937866210938,
        191.3570098876953,
        186.6074981689453
    ],
    "len_bnd_g": [
        33,
        94,
        40,
        57,
        114,
        24,
        78,
        35,
        77,
        88,
        41,
        91,
        44,
        92,
        104,
        33,
        111,
        64,
        114,
        68
    ],
    "mean_bnd_g": [
        730.7296142578125,
        710.6992797851562,
        736.4933471679688,
        707.3251342773438,
        725.241943359375,
        715.761474609375,
        701.31005859375,
        733.215576171875,
        712.9495239257812,
        728.1909790039062,
        725.7346801757812,
        728.9892578125,
        705.1524047851562,
        701.393310546875,
        718.7633666992188,
        725.1974487304688,
        729.4187622070312,
        717.85888671875,
        710.1222534179688,
        715.8102416992188
    ]
}