{"gain": {"data": {"rwd": [143.22000122070312, 134.22762298583984], "bnd": [198.98861694335938, 186.48001098632812], "control": [87.26504457589671, 87.00297754461116]}, "results": {"rwd": {"mean_sem": [138.72381210327148, 4.496189117431641], "p_value": 0.006158395691290286, "significance": "**"}, "bnd": {"mean_sem": [192.73431396484375, 6.254302978515625], "p_value": 0.00031384755634067396, "significance": "***"}, "control": {"mean_sem": [87.13401106025393, 0.1310335156427733], "p_value": null, "significance": "control"}}}, "dx": {"data": {"rwd_dx": [0.0602417066693306, 0.42238253355026245], "bnd_dx": [0.1816404014825821, 0.20984166860580444], "control": [0.0, 0.0]}, "results": {"rwd_dx": {"mean_sem": [0.24131212010979652, 0.18107041344046593], "p_value": 0.31264009794800973, "significance": "n.s."}, "bnd_dx": {"mean_sem": [0.19574103504419327, 0.014100633561611176], "p_value": 0.42048690894220897, "significance": "n.s."}, "control": {"mean_sem": [0.0, 0.0], "p_value": null, "significance": "control"}}}, "notes": "using genome 91"}