{"collisions": [87.0, 117.0, 191.0, 176.0, 64.0, 180.0, 121.0, 128.0], "rewards": [5.0, 11.0, 11.0, 5.0, 15.0, 5.0, 5.0, 5.0], "len_no_g": [296, 254, 242, 255, 304, 263, 220, 223], "mean_no_g": [87.06681823730469, 87.67825317382812, 86.80000305175781, 86.90760040283203, 87.84937286376953, 86.96967315673828, 86.91324615478516, 86.86963653564453], "len_da_g": [0, 1, 2, 2, 0, 0, 1, 2], "mean_da_g": [NaN, 118.51411437988281, 101.95097351074219, 95.25309753417969, NaN, NaN, 103.7058334350586, 147.97723388671875], "len_bnd_g": [28, 37, 59, 52, 19, 47, 44, 41], "mean_bnd_g": [282.1129455566406, 290.8236389160156, 254.84742736816406, 331.55841064453125, 302.4129943847656, 305.0546875, 279.0802001953125, 317.82598876953125]}