{"gain": {"data": {"rwd": [102.4000015258789, 144.5186767578125], "bnd": [186.95115123075598, 197.14779772077287], "control": [102.4000015258789, 102.4000015258789]}, "pvalues": ["p-value vs. control (Dunnett-adjusted)"]}, "dx": {"data": {"rwd_dx": [0.0, 0.0], "bnd_dx": [3.4242281913757324, 6.755011081695557], "control_dx": [0.0, 0.0]}, "pvalues": ["p-value vs. control (Dunnett-adjusted)"]}}