{"gain": {"data": {"rwd": [130.86770738874162, 94.11279296875, 92.66006905691964, 156.787353515625, 112.82719802856445, 157.98042678833008], "bnd": [232.85428404196713, 219.34203780324836, 253.06126822677314, 257.3525161743164, 282.1948413848877, 239.4169968006223], "control": [86.96590266424172, 86.91212913638256, 86.89300433659957, 87.32040063796505, 87.29613599099748, 86.98769138727087]}, "pvalues": ["p-value vs. control (Dunnett-adjusted)"]}, "dx": {"data": {"rwd_dx": [0.5632439255714417, 0.0, 0.0, 0.008861616253852844, 0.5096362829208374, 0.04946209117770195], "bnd_dx": [2.0260355472564697, 1.1209609508514404, 2.361842393875122, 0.23112736642360687, 3.2402851581573486, 1.4825595617294312], "control_dx": [0.0, 0.0, 0.0, 0.0, 0.0, 0.0]}, "pvalues": ["p-value vs. control (Dunnett-adjusted)"]}, "notes": "using genome 91"}