{"gain": {"data": {"rwd": [135.10960388183594, 103.7060546875, 139.05897521972656, 183.87174224853516, 124.11471448625836, 167.42119979858398, 86.80000305175781, 135.35533142089844, 124.5758285522461, 107.34828472137451, 151.60823822021484, 165.21910858154297, 135.00739288330078, 132.96227010091147, 145.6953639984131, 127.04279327392578, 131.93402989705405, 123.98755137125652, 140.53448486328125, 151.67291641235352, 151.00385030110678, 130.9215202331543, 112.52843221028645, 86.80000305175781, 174.1660614013672, 154.75190353393555, 143.83643341064453], "bnd": [206.3865743001302, 197.9224084707407, 237.95964004054213, 247.17540690104167, 230.90622682924624, 204.27378890093635, 259.20137385318156, 221.33125654856363, 257.3370188120249, 255.13246009463356, 207.41286669279398, 227.79644775390625, 278.20748759424964, 220.77778244018555, 264.41171330991, 240.15216128031412, 258.1816204616002, 187.34676615397134, 241.2989511904509, 226.00272941589355, 219.6293544769287, 244.88536376953124, 229.3286826841293, 281.3953727953362, 285.44077860514324, 229.75801986303085, 233.96475085090188], "control": [87.22377105257404, 87.07472410238566, 87.32120670991786, 86.89444941515363, 86.85273786953518, 86.91675614191332, 87.45394520342576, 87.44599054900694, 87.01700692347796, 86.80000305175781, 86.98709902128948, 87.0981943766276, 87.14827329329862, 87.16848896395776, 87.13144032938497, 86.89238258644387, 87.37043521118164, 87.6580459222561, 86.90633841817693, 87.04586517333985, 87.03402623915134, 87.08350877983625, 87.66038195292155, 87.77717455695657, 87.18588451938774, 87.15289972061501, 86.86477605593159]}, "results": {"rwd": {"mean_sem": [135.81607747456385, 4.56761211945534], "p_value": 2.7766677845875165e-13, "significance": "***"}, "bnd": {"mean_sem": [236.80062978108583, 4.8766298422233], "p_value": 0.0, "significance": "***"}, "control": {"mean_sem": [87.15428911629277, 0.05057682584010451], "p_value": null, "significance": "control"}}}, "dx": {"data": {"rwd_dx": [0.06075894087553024, 0.0, 3.0046579837799072, 0.30617189407348633, 0.37282654643058777, 1.2232810258865356, 0.0, 0.40386104583740234, 0.30286267399787903, 0.20505011081695557, 0.02890060283243656, 0.47845956683158875, 0.29690471291542053, 0.9945417046546936, 0.43398237228393555, 0.1838718056678772, 0.508070170879364, 1.4603341817855835, 1.906563401222229, 0.25394874811172485, 0.0, 1.4592534303665161, 0.042124006897211075, 0.07345066219568253, 0.06840772181749344, 0.36162927746772766, 0.19301043450832367], "bnd_dx": [1.123620629310608, 0.4596627950668335, 2.8285787105560303, 1.7196691036224365, 1.8644460439682007, 1.000755786895752, 2.4815447330474854, 3.1669464111328125, 1.0641108751296997, 1.023940920829773, 0.9730741381645203, 1.815848469734192, 4.098689079284668, 0.8864426016807556, 1.0872070789337158, 1.5862675905227661, 2.287790298461914, 0.24015381932258606, 1.970953106880188, 0.9639707803726196, 0.4397437274456024, 1.4368276596069336, 0.971650242805481, 1.8708125352859497, 1.6547521352767944, 1.1216557025909424, 0.47814521193504333], "control": [0.0, 0.0, 0.0, 0.0, 0.0, 0.0, 0.0, 0.0, 0.0, 0.0, 0.0, 0.0, 0.0, 0.0, 0.0, 0.0, 0.0, 0.0, 0.0, 0.0, 0.0, 0.0, 0.0, 0.0, 0.0, 0.0, 0.0]}, "results": {"rwd_dx": {"mean_sem": [0.541589741560596, 0.13643155771552107], "p_value": 0.006506655251762639, "significance": "**"}, "bnd_dx": {"mean_sem": [1.5043429699209, 0.17186581071276727], "p_value": 1.1304290836733344e-12, "significance": "***"}, "control": {"mean_sem": [0.0, 0.0], "p_value": null, "significance": "control"}}}, "notes": "using genome 91"}