{"gain": {"data": {"rwd": [96.93481063842773, 130.82803344726562, 108.61403586647727, 92.4352544148763, 127.35680062430245, 127.30388423374721, 103.70590209960938, 129.49292755126953, 133.64261474609376, 103.22322273254395, 150.20383071899414, 95.2530288696289, 164.0214786529541, 139.01969146728516, 123.60550435384114, 136.3267538888114, 108.61106491088867, 137.03379440307617, 157.4372100830078, 143.7028605143229, 103.7060546875], "bnd": [256.88041297425616, 268.77009948730466, 252.3610323013798, 256.43674981789513, 259.8443139768114, 231.93379440307618, 280.5317440032959, 215.31482543945313, 207.0024862578421, 250.69280943578605, 250.88273126938765, 231.64774990081787, 240.88485378689236, 281.86139842442105, 267.6977673154889, 248.19176764237253, 205.1037130048198, 229.49762980143228, 277.1034271240234, 256.8958173479353, 267.75843533602625], "control": [87.1055622661815, 86.80000305175781, 86.99415334065755, 86.85953140258789, 86.80000305175781, 87.08847799261245, 87.29290768167247, 87.14651781892124, 87.56015737045215, 87.20343887277023, 87.90781560540199, 86.90275007955144, 87.00295891005175, 86.86125578396562, 86.96554438752948, 86.98835312415814, 87.34512380701332, 87.4365275025828, 87.39738004753389, 87.78699370961131, 87.20503451129584]}, "pvalues": ["p-value vs. control (Dunnett-adjusted)"]}, "dx": {"data": {"rwd_dx": [0.0, 1.3880115747451782, 0.03723827749490738, 0.0, 0.8103994131088257, 0.24081866443157196, 0.0, 0.21532899141311646, 0.55402010679245, 0.03222286328673363, 0.034104716032743454, 0.0, 0.07242217659950256, 0.26396510004997253, 0.6788688898086548, 3.16994571685791, 0.04823429882526398, 1.8048499822616577, 0.30353453755378723, 1.0119328498840332, 0.0], "bnd_dx": [2.8730533123016357, 2.2039570808410645, 1.1959909200668335, 3.289158582687378, 0.6894484758377075, 1.700407862663269, 2.176558017730713, 0.7189054489135742, 0.35594385862350464, 2.149749755859375, 1.1331268548965454, 1.7316205501556396, 2.0083699226379395, 2.178452730178833, 1.6146820783615112, 1.1333171129226685, 1.4325071573257446, 0.47580480575561523, 1.1872159242630005, 1.0903691053390503, 1.3364403247833252], "control_dx": [0.0, 0.0, 0.0, 0.0, 0.0, 0.0, 0.0, 0.0, 0.0, 0.0, 0.0, 0.0, 0.0, 0.0, 0.0, 0.0, 0.0, 0.0, 0.0, 0.0, 0.0]}, "pvalues": ["p-value vs. control (Dunnett-adjusted)"]}, "notes": "using genome 91"}