{"gain": {"data": {"rwd": [112.92972373962402, 181.1805419921875, 132.152738571167, 168.42064476013184, 130.47972361246744, 102.4000015258789, 193.10481452941895, 127.41070251464843], "bnd": [188.2289498465402, 202.82387428283693, 186.72131132042927, 193.93396423339843, 209.93988877899793, 191.4038712637765, 203.55180277143205, 195.122579498291], "control": [102.4000015258789, 102.4000015258789, 102.4000015258789, 102.63662706868033, 102.4000015258789, 102.63053973690494, 102.4000015258789, 102.4000015258789]}, "pvalues": ["p-value vs. control (Dunnett-adjusted)"]}, "dx": {"data": {"rwd_dx": [0.4679904878139496, 0.0, 0.0, 0.0, 0.0, 0.0, 0.0, 0.0], "bnd_dx": [7.711613655090332, 6.953693866729736, 10.32785415649414, 5.315217018127441, 13.240614891052246, 8.87923526763916, 10.54734992980957, 12.407402038574219], "control_dx": [0.0, 0.0, 0.0, 0.0, 0.0, 0.0, 0.0, 0.0]}, "pvalues": ["p-value vs. control (Dunnett-adjusted)"]}}