{"gain": {"data": {"rwd": [109.83533096313477, 143.81187656947546, 103.70575714111328, 103.7058334350586, 111.11124038696289, 184.41182708740234, 181.6490478515625, 186.73928833007812, 199.63999938964844, 120.80769729614258, 129.79803562164307, 103.41764831542969, 119.62357439313617, 136.46229680379233, 132.01034927368164, 90.95461654663086, 103.70590209960938, 112.99561055501302, 137.30068969726562, 103.70590209960938, 139.37684970431857, 112.38901774088542, 156.16987101236978, 135.42054290771483, 140.38794817243303], "bnd": [275.89949168329656, 206.04801504952567, 234.37602996826172, 262.54852962493896, 255.58025338309153, 252.1229731241862, 204.42686595087466, 234.9781453749713, 225.2720928770123, 272.3074153553356, 262.92356687603575, 308.2581894818474, 276.8344530378069, 262.74147088187084, 239.3342088268649, 267.4528025309245, 243.04021253083883, 207.88912401701273, 270.68399143218994, 237.69634665212322, 232.2078379038218, 296.3587073349371, 243.7569025213068, 276.97720118931363, 242.7179094950358], "control": [87.18644033159528, 87.53582351857966, 86.86380002003796, 87.2055471120787, 86.86502462533804, 87.55226969401042, 87.2314126890709, 87.38322235107422, 86.91244994616899, 89.01397943496704, 86.89676087375744, 87.54507804828914, 86.85640502302614, 86.80000305175781, 87.20049372727308, 87.07852488550647, 87.3013624005613, 86.9004643634685, 87.43581907676928, 86.88226336240768, 86.80000305175781, 86.80000305175781, 87.24651736304874, 86.87046122754741, 87.48910850133652]}, "pvalues": [2.9542549517813654e-09, 0.0]}, "dx": {"data": {"rwd_dx": [0.036519888788461685, 2.8665871620178223, 0.0, 0.0, 0.0, 0.1529666930437088, 1.4599251747131348, 2.5646190643310547, 0.9778659343719482, 0.2907634675502777, 0.06750182807445526, 0.0, 0.19977524876594543, 4.030953407287598, 1.0022329092025757, 0.0, 0.0, 0.22760045528411865, 0.038213975727558136, 0.0, 0.9496773481369019, 1.96725594997406, 4.469584941864014, 0.3527207374572754, 3.640892267227173], "bnd_dx": [2.4790704250335693, 0.1805901676416397, 1.2573155164718628, 1.3670353889465332, 1.570002555847168, 0.32998573780059814, 0.4043754041194916, 2.237995147705078, 1.3617793321609497, 2.268183469772339, 2.651146650314331, 1.1964216232299805, 2.38503098487854, 1.5252066850662231, 0.8625662326812744, 1.5627845525741577, 2.219784736633301, 0.3846213221549988, 2.268339157104492, 1.3183180093765259, 1.0404205322265625, 1.0919735431671143, 1.7425693273544312, 1.0821017026901245, 0.24439957737922668], "control_dx": [0.0, 0.0, 0.0, 0.0, 0.0, 0.0, 0.0, 0.0, 0.0, 0.0, 0.0, 0.0, 0.0, 0.0, 0.0, 0.0, 0.0, 0.0, 0.0, 0.0, 0.0, 0.0, 0.0, 0.0, 0.0]}, "pvalues": [0.0004560406440911047, 1.593316981018944e-06]}, "notes": "using genome 91"}